Users’ posts distance from neutral text;;;;;
Test kind;;;Word frequency;Semantic difference (median);Effect size
Immigration;Semantic Distance;Stormfront;5 (4-5);0.011 (0.01-0.013);0.154 (0.12-0.191)
;;Reddit;1 (1-1);0.003 (0.003-0.004);0.154 (0.12-0.191)
;Neighbourhood Overlap;Stormfront;5 (4-5);0.508 (0.486-0.529);0.158 (0.123-0.198)
;;Reddit;1 (1-1);0.265 (0.252-0.297);0.158 (0.123-0.198)
Nation;Semantic Distance;Stormfront;17 (15-19);0.045 (0.042-0.049);0.0944 (0.0747-0.116)
;;Reddit;2 (2-3);0.009 (0.008-0.01);0.0944 (0.0747-0.116)
;Neighbourhood Overlap;Stormfront;17 (15-19);0.76 (0.749-0.769);0.0942 (0.075-0.115)
;;Reddit;2 (2-3);0.497 (0.477-0.515);0.0942 (0.075-0.115)
Black;Semantic Distance;Stormfront;18 (16-22);0.078 (0.069-0.087);0.0621 (0.0477-0.0786)
;;Reddit;2 (2-3);0.012 (0.011-0.013);0.0621 (0.0477-0.0786)
;Neighbourhood Overlap;Stormfront;18 (16-22);0.808 (0.793-0.821);0.0661 (0.0505-0.0815)
;;Reddit;2 (2-3);0.564 (0.553-0.583);0.0661 (0.0505-0.0815)
White;Semantic Distance;Stormfront;93 (86-103);0.208 (0.197-0.219);0.00332 (0.000517-0.00686)
;;Reddit;2 (2-2);0.008 (0.007-0.01);0.00332 (0.000517-0.00686)
;Neighbourhood Overlap;Stormfront;93 (86-103);0.903 (0.899-0.907);0.0036 (0.000801-0.00749)
;;Reddit;2 (2-2);0.469 (0.449-0.488);0.0036 (0.000801-0.00749)
People;Semantic Distance;Stormfront;64 (60-69);0.106 (0.1-0.111);0.191 (0.164-0.218)
;;Reddit;31 (29-34);0.06 (0.058-0.062);0.191 (0.164-0.218)
;Neighbourhood Overlap;Stormfront;64 (60-69);0.844 (0.838-0.849);0.207 (0.18-0.236)
;;Reddit;31 (29-34);0.789 (0.783-0.793);0.207 (0.18-0.236)
Race;Semantic Distance;Stormfront;24 (20-28);0.044 (0.04-0.048);0.0257 (0.0162-0.0361)
;;Reddit;1 (1-1);0.003 (0.003-0.003);0.0257 (0.0162-0.0361)
;Neighbourhood Overlap;Stormfront;24 (20-28);0.686 (0.671-0.697);0.0266 (0.0171-0.0382)
;;Reddit;1 (1-1);0.24 (0.229-0.261);0.0266 (0.0171-0.0382)
TOT;Semantic Distance;Stormfront;28 (26-29);0.066 (0.062-0.069);0.199 (0.187-0.213)
;;Reddit;3 (3-3);0.012 (0.011-0.013);0.199 (0.187-0.213)
;Neighbourhood Overlap;Stormfront;28 (26-29);0.782 (0.776-0.788);0.222 (0.209-0.236)
;;Reddit;3 (3-3);0.55 (0.534-0.563);0.222 (0.209-0.236)
;;;;;
Intra forum variability;;;;;
Test kind;;;Word frequency;Semantic difference (median);Effect size
Immigration;Semantic Distance;Stormfront;8 (7-8);0.018 (0.017-0.018);0.0999 (0.0932-0.107)
;;Reddit;1 (1-1);0.004 (0.004-0.004);0.0999 (0.0932-0.107)
;Neighbourhood Overlap;Stormfront;8 (7-8);0.541 (0.538-0.547);0.0933 (0.0863-0.1)
;;Reddit;1 (1-1);0.234 (0.226-0.249);0.0933 (0.0863-0.1)
Nation;Semantic Distance;Stormfront;41 (40-42);0.074 (0.072-0.076);0.0335 (0.0303-0.0366)
;;Reddit;4 (4-4);0.01 (0.01-0.011);0.0335 (0.0303-0.0366)
;Neighbourhood Overlap;Stormfront;41 (40-42);0.749 (0.747-0.752);0.0389 (0.0355-0.0425)
;;Reddit;4 (4-4);0.47 (0.465-0.474);0.0389 (0.0355-0.0425)
Black;Semantic Distance;Stormfront;43 (42-44);0.144 (0.141-0.146);0.0116 (0.00986-0.0133)
;;Reddit;4 (4-4);0.016 (0.015-0.017);0.0116 (0.00986-0.0133)
;Neighbourhood Overlap;Stormfront;43 (42-44);0.809 (0.807-0.811);0.0144 (0.0125-0.0164)
;;Reddit;4 (4-4);0.553 (0.546-0.555);0.0144 (0.0125-0.0164)
White;Semantic Distance;Stormfront;207 (204-211);0.252 (0.25-0.255);0 (0-0)
;;Reddit;4 (4-4);0.015 (0.015-0.016);0 (0-0)
;Neighbourhood Overlap;Stormfront;207 (204-211);0.868 (0.867-0.87);0 (0-0)
;;Reddit;4 (4-4);0.527 (0.524-0.53);0 (0-0)
People;Semantic Distance;Stormfront;154 (152-157);0.195 (0.193-0.198);0.0827 (0.0772-0.0884)
;;Reddit;68 (67-69);0.093 (0.092-0.094);0.0827 (0.0772-0.0884)
;Neighbourhood Overlap;Stormfront;154 (152-157);0.859 (0.858-0.861);0.0897 (0.0843-0.0951)
;;Reddit;68 (67-69);0.78 (0.778-0.781);0.0897 (0.0843-0.0951)
Race;Semantic Distance;Stormfront;54 (52-56);0.076 (0.075-0.078);0.00103 (0.000518-0.00164)
;;Reddit;2 (2-2);0.004 (0.004-0.004);0.00103 (0.000518-0.00164)
;Neighbourhood Overlap;Stormfront;54 (52-56);0.701 (0.698-0.704);0.00117 (0.000697-0.00181)
;;Reddit;2 (2-2);0.257 (0.25-0.261);0.00117 (0.000697-0.00181)
TOT;Semantic Distance;Stormfront;61 (60-62);0.113 (0.111-0.115);0.144 (0.14-0.147)
;;Reddit;4 (4-4);0.014 (0.013-0.014);0.144 (0.14-0.147)
;Neighbourhood Overlap;Stormfront;61 (60-62);0.782 (0.78-0.784);0.165 (0.162-0.168)
;;Reddit;4 (4-4);0.511 (0.508-0.517);0.165 (0.162-0.168)
;;;;;
Intra & Inter forums variability;;;;;
Test kind;;;Word frequency;Semantic difference (median);Effect size
Immigration;Semantic Distance;Inter-group;5 (5-5);0.012 (0.012-0.012);0.109 (0.1-0.12)
;;Stormfront;8 (8-9);0.019 (0.018-0.02);0.109 (0.1-0.12)
;;Reddit;3 (3-3);0.007 (0.006-0.007);0.109 (0.1-0.12)
;Neighbourhood Overlap;Inter-group;5 (5-5);0.528 (0.524-0.53);0.09 (0.08-0.1)
;;Stormfront;8 (8-9);0.554 (0.547-0.56);0.09 (0.08-0.1)
;;Reddit;3 (3-3);0.332 (0.331-0.335);0.09 (0.08-0.1)
Nation;Semantic Distance;Inter-group;20 (20-21);0.044 (0.043-0.045);0.356 (0.35-0.37)
;;Stormfront;41 (40-42);0.074 (0.072-0.076);0.356 (0.35-0.37)
;;Reddit;5 (5-5);0.012 (0.012-0.013);0.356 (0.35-0.37)
;Neighbourhood Overlap;Inter-group;20 (20-21);0.758 (0.757-0.759);0.347 (0.34-0.36)
;;Stormfront;41 (40-42);0.749 (0.747-0.752);0.347 (0.34-0.36)
;;Reddit;5 (5-5);0.502 (0.495-0.507);0.347 (0.34-0.36)
Black;Semantic Distance;Inter-group;21 (20-21);0.08 (0.079-0.082);0.473 (0.46-0.48)
;;Stormfront;42 (41-43);0.143 (0.14-0.146);0.473 (0.46-0.48)
;;Reddit;5 (5-5);0.018 (0.018-0.019);0.473 (0.46-0.48)
;Neighbourhood Overlap;Inter-group;21 (20-21);0.804 (0.802-0.806);0.428 (0.42-0.44)
;;Stormfront;42 (41-43);0.808 (0.806-0.81);0.428 (0.42-0.44)
;;Reddit;5 (5-5);0.564 (0.559-0.57);0.428 (0.42-0.44)
White;Semantic Distance;Inter-group;98 (98-99);0.206 (0.204-0.208);0.551 (0.54-0.56)
;;Stormfront;196 (192-200);0.245 (0.242-0.247);0.551 (0.54-0.56)
;;Reddit;4 (4-5);0.019 (0.018-0.019);0.551 (0.54-0.56)
;Neighbourhood Overlap;Inter-group;98 (98-99);0.902 (0.902-0.903);0.589 (0.58-0.6)
;;Stormfront;196 (192-200);0.865 (0.864-0.866);0.589 (0.58-0.6)
;;Reddit;4 (4-5);0.555 (0.549-0.558);0.589 (0.58-0.6)
People;Semantic Distance;Inter-group;108 (106-109);0.145 (0.144-0.147);0.309 (0.3-0.32)
;;Stormfront;153 (151-156);0.194 (0.192-0.196);0.309 (0.3-0.32)
;;Reddit;68 (67-69);0.093 (0.092-0.094);0.309 (0.3-0.32)
;Neighbourhood Overlap;Inter-group;108 (106-109);0.87 (0.869-0.871);0.436 (0.43-0.45)
;;Stormfront;153 (151-156);0.858 (0.857-0.86);0.436 (0.43-0.45)
;;Reddit;68 (67-69);0.78 (0.778-0.781);0.436 (0.43-0.45)
Race;Semantic Distance;Inter-group;22 (22-23);0.04 (0.04-0.042);0.405 (0.39-0.42)
;;Stormfront;54 (52-56);0.076 (0.075-0.078);0.405 (0.39-0.42)
;;Reddit;3 (3-3);0.006 (0.006-0.006);0.405 (0.39-0.42)
;Neighbourhood Overlap;Inter-group;22 (22-23);0.677 (0.675-0.68);0.328 (0.32-0.34)
;;Stormfront;54 (52-56);0.701 (0.698-0.704);0.328 (0.32-0.34)
;;Reddit;3 (3-3);0.315 (0.308-0.316);0.328 (0.32-0.34)
TOT;Semantic Distance;Inter-group;31 (31-32);0.077 (0.076-0.079);0.164 (0.16-0.17)
;;Stormfront;60 (59-61);0.112 (0.11-0.113);0.164 (0.16-0.17)
;;Reddit;5 (5-6);0.02 (0.019-0.02);0.164 (0.16-0.17)
;Neighbourhood Overlap;Inter-group;31 (31-32);0.802 (0.8-0.803);0.174 (0.17-0.18)
;;Stormfront;60 (59-61);0.78 (0.779-0.782);0.174 (0.17-0.18)
;;Reddit;5 (5-6);0.571 (0.567-0.575);0.174 (0.17-0.18)